Fact,Unit,Course,Series
Factors that affect stopping distance (thinking and braking),Forces,Combined,2020-11;2021-11;2022-06;2023-06;2024-06;2025-06
Circuit symbols drawn or named,Electricity,Combined,2020-11;2021-11;2022-06;2023-06;2024-06;2025-06
How energy stores change in a transfer,Energy,Combined,2020-11;2022-06;2023-06;2024-06;2025-06
Gas pressure explained by particle collisions,Particle model of matter,Combined,2020-11;2021-11;2023-06;2024-06;2025-06
Renewable energy resources named or defined,Energy,Combined,2020-11;2021-11;2023-06;2025-06
What transverse and longitudinal waves are,Waves,Combined,2021-11;2023-06;2024-06;2025-06
Irradiation and contamination compared,Atomic structure,Combined,2022-06;2023-06;2024-06;2025-06
Why an object reaches terminal velocity,Forces,Combined,2020-11;2022-06;2024-06;2025-06
Fleming's left-hand rule and the motor effect,Magnetism and electromagnetism,Combined,2021-11;2022-06;2023-06;2025-06
The life cycle of stars and how elements form,Space physics,Separate,2020-11;2021-11;2022-06;2024-06
Why the National Grid uses step-up transformers,Electricity,Combined,2021-11;2022-06;2023-06
UK mains potential difference and frequency,Electricity,Combined,2020-11;2024-06;2025-06
Direct and alternating potential difference,Electricity,Combined,2021-11;2023-06;2025-06
Environmental effects of energy resources,Energy,Combined,2020-11;2021-11;2025-06
What an alpha particle consists of,Atomic structure,Combined,2022-06;2024-06;2025-06
Completing a nuclear equation,Atomic structure,Combined,2021-11;2022-06;2025-06
The random nature of radioactive decay,Atomic structure,Combined,2020-11;2021-11;2023-06
Elastic and inelastic deformation,Forces,Combined,2020-11;2021-11;2023-06
Newton's third law,Forces,Combined,2023-06;2024-06;2025-06
How a longer collision time reduces the force,Forces,Separate,2020-11;2023-06;2025-06
Why refraction happens (the wave changes speed),Waves,Combined,2020-11;2023-06;2025-06
"Hazards of ultraviolet, X-rays and gamma rays",Waves,Combined,2021-11;2024-06;2025-06
Why a potential difference is induced (generator effect),Magnetism and electromagnetism,Separate,2020-11;2023-06;2024-06
What a closed system is,Energy,Combined,2021-11;2023-06
What vector and scalar quantities are,Forces,Combined,2020-11;2021-11
Conservation of momentum,Forces,Combined,2020-11;2022-06
Why brakes heat up and the risks of a large deceleration,Forces,Combined,2023-06;2025-06
What isotopes are,Atomic structure,Combined,2023-06;2025-06
Peer review,Atomic structure,Combined,2023-06;2024-06
Why a transformer core is made of iron,Magnetism and electromagnetism,Separate,2023-06;2025-06
What red-shift is and why it happens,Space physics,Separate,2022-06;2025-06
