Number,Practical,Qualification
1,Specific heat capacity,8463
2,Thermal insulation,8463
3,Resistance of a wire,8463
4,I–V characteristics,8463
5,Density,8463
6,Force and extension,8463
7,Acceleration,8463
8,Waves in a ripple tank and on a string,8463
9,Reflection and refraction of light,8463
10,Infrared radiation,8463
14,Specific heat capacity,8464
15,Resistance of a wire,8464
16,I–V characteristics,8464
17,Density,8464
18,Force and extension,8464
19,Acceleration,8464
20,Waves in a ripple tank and on a string,8464
21,Infrared radiation,8464
